epoch,step,test/AP/stenosis,test/F1,test/loss,test/mAP_30,test/mAP_50,test/mAP_50_95,test/mAP_75,test/mAR,test/precision,test/recall,train/cardinality_error,train/cardinality_error_0,train/cardinality_error_1,train/cardinality_error_2,train/cardinality_error_enc,train/class_error,train/loss,train/loss_bbox,train/loss_bbox_0,train/loss_bbox_1,train/loss_bbox_2,train/loss_bbox_enc,train/loss_ce,train/loss_ce_0,train/loss_ce_1,train/loss_ce_2,train/loss_ce_enc,train/loss_giou,train/loss_giou_0,train/loss_giou_1,train/loss_giou_2,train/loss_giou_enc,train/lr,train/lr_max,train/lr_min,val/AP/stenosis,val/F1,val/ema_mAP_30,val/ema_mAP_50,val/ema_mAP_50_95,val/ema_mAR,val/loss,val/mAP_30,val/mAP_50,val/mAP_50_95,val/mAP_75,val/mAR,val/precision,val/recall
0,49,,,,,,,,,,,,,,,,,,,,,,,,,,,,,,,,,2.686403604457155e-06,2.686403604457155e-06,8.683971941536583e-08,,,,,,,,,,,,,,
0,99,,,,,,,,,,,,,,,,,,,,,,,,,,,,,,,,,5.427631549537182e-06,5.427631549537182e-06,1.754516745222645e-07,,,,,,,,,,,,,,
0,149,,,,,,,,,,,,,,,,,,,,,,,,,,,,,,,,,8.168859494617209e-06,8.168859494617209e-06,2.640636296291632e-07,,,,,,,,,,,,,,
0,199,,,,,,,,,,,,,,,,,,,,,,,,,,,,,,,,,1.0910087439697236e-05,1.0910087439697236e-05,3.5267558473606186e-07,,,,,,,,,,,,,,
0,227,,,,,,,,,,,,,,,,,,,,,,,,,,,,,,,,,,,,0.0009905220940709114,0.0015680125216022134,0.009978854097425938,0.009900989942252636,0.0019801980815827847,0.0003189792623743415,12.272477149963379,0.009963219054043293,0.009900989942252636,0.0009905220940709114,0.0,0.00039872407796792686,0.0010395010467618704,0.003189792623743415
0,227,,,,,,,,,,,1.5852521657943726,9.567023277282715,5.4305100440979,5.848958492279053,188.53892517089844,99.98777770996094,15.637715339660645,0.14310313761234283,0.211910679936409,0.168950617313385,0.1539972722530365,0.2286146879196167,0.4394598603248596,0.33896729350090027,0.38816148042678833,0.4091949760913849,0.31669771671295166,0.8484814763069153,0.972602903842926,0.8935852646827698,0.8774045705795288,1.0141059160232544,,,,,,,,,,,,,,,,,
1,249,,,,,,,,,,,,,,,,,,,,,,,,,,,,,,,,,1.3651315384777263e-05,1.3651315384777263e-05,4.4128753984296054e-07,,,,,,,,,,,,,,
1,299,,,,,,,,,,,,,,,,,,,,,,,,,,,,,,,,,1.639254332985729e-05,1.639254332985729e-05,5.298995233715686e-07,,,,,,,,,,,,,,
1,349,,,,,,,,,,,,,,,,,,,,,,,,,,,,,,,,,1.9133771274937317e-05,1.9133771274937317e-05,6.185114784784673e-07,,,,,,,,,,,,,,
1,399,,,,,,,,,,,,,,,,,,,,,,,,,,,,,,,,,2.1874999220017344e-05,2.1874999220017344e-05,7.07123433585366e-07,,,,,,,,,,,,,,
1,449,,,,,,,,,,,,,,,,,,,,,,,,,,,,,,,,,2.461622716509737e-05,2.461622716509737e-05,7.957353886922647e-07,,,,,,,,,,,,,,
1,455,,,,,,,,,,,,,,,,,,,,,,,,,,,,,,,,,,,,0.00043925223872065544,0.015673981979489326,0.008616377599537373,0.0009639566414989531,0.000172831816598773,0.11770334839820862,11.243304252624512,0.01393045298755169,0.002158848335966468,0.00043925223872065544,4.9589656555326656e-05,0.14098884165287018,0.015408320352435112,0.015948962420225143
1,455,,,,,,,,,,,1965.81787109375,1358.726806640625,1363.3321533203125,1824.1314697265625,2089.57763671875,44.96219253540039,12.891539573669434,0.08584219962358475,0.1070932000875473,0.09215068817138672,0.0884443148970604,0.11793243139982224,0.7229682803153992,0.5765708088874817,0.6344263553619385,0.6887571215629578,0.5297297239303589,0.6653292179107666,0.768775999546051,0.7007909417152405,0.6837849020957947,0.8222017288208008,,,,,,,,,,,,,,,,,
2,499,,,,,,,,,,,,,,,,,,,,,,,,,,,,,,,,,2.73574569291668e-05,2.73574569291668e-05,8.843473437991634e-07,,,,,,,,,,,,,,
2,549,,,,,,,,,,,,,,,,,,,,,,,,,,,,,,,,,3.0098684874246828e-05,3.0098684874246828e-05,9.729592420626432e-07,,,,,,,,,,,,,,
2,599,,,,,,,,,,,,,,,,,,,,,,,,,,,,,,,,,3.283991100033745e-05,3.283991100033745e-05,1.0615711971695418e-06,,,,,,,,,,,,,,
2,649,,,,,,,,,,,,,,,,,,,,,,,,,,,,,,,,,3.558113894541748e-05,3.558113894541748e-05,1.1501831522764405e-06,,,,,,,,,,,,,,
2,683,,,,,,,,,,,,,,,,,,,,,,,,,,,,,,,,,,,,0.0008835378102958202,0.024985473603010178,0.03473858907818794,0.0064440397545695305,0.0011179996654391289,0.15741626918315887,11.250048637390137,0.029760761186480522,0.005046057049185038,0.0008835378102958202,2.817164386215154e-05,0.16610845923423767,0.014219576492905617,0.10287081450223923
2,683,,,,,,,,,,,3884.142578125,3819.93017578125,3820.966064453125,3865.927734375,3842.945556640625,0.03903970867395401,12.138903617858887,0.06635784357786179,0.08037333190441132,0.07324356585741043,0.06918688118457794,0.0933775007724762,0.9038040637969971,0.7846099734306335,0.8509083390235901,0.8820418119430542,0.6818168759346008,0.5518762469291687,0.6327970027923584,0.5919305086135864,0.5694385170936584,0.7154765129089355,,,,,,,,,,,,,,,,,
3,699,,,,,,,,,,,,,,,,,,,,,,,,,,,,,,,,,3.8322366890497506e-05,3.8322366890497506e-05,1.2387951073833392e-06,,,,,,,,,,,,,,
3,749,,,,,,,,,,,,,,,,,,,,,,,,,,,,,,,,,4.106359483557753e-05,4.106359483557753e-05,1.3274070624902379e-06,,,,,,,,,,,,,,
3,799,,,,,,,,,,,,,,,,,,,,,,,,,,,,,,,,,4.380482278065756e-05,4.380482278065756e-05,1.4160190175971366e-06,,,,,,,,,,,,,,
3,849,,,,,,,,,,,,,,,,,,,,,,,,,,,,,,,,,4.6546054363716394e-05,4.6546054363716394e-05,1.5046309727040352e-06,,,,,,,,,,,,,,
3,899,,,,,,,,,,,,,,,,,,,,,,,,,,,,,,,,,4.928728230879642e-05,4.928728230879642e-05,1.593242927810934e-06,,,,,,,,,,,,,,
3,911,,,,,,,,,,,,,,,,,,,,,,,,,,,,,,,,,,,,0.013331381604075432,0.12442631274461746,0.07414523512125015,0.03731422498822212,0.009213581681251526,0.18253588676452637,11.167879104614258,0.0988997370004654,0.057020701467990875,0.013331381604075432,0.0004727954510599375,0.20645932853221893,0.17256011068820953,0.09728867560625076
3,911,,,,,,,,,,,3883.611328125,3840.549072265625,3823.705810546875,3870.051025390625,3895.291015625,0.0008432446629740298,11.493694305419922,0.05284888669848442,0.06375101208686829,0.05933304503560066,0.0555514395236969,0.07943283766508102,0.9817602038383484,0.904570460319519,0.935667097568512,0.9595267176628113,0.7970324158668518,0.4778779447078705,0.5452927947044373,0.5154820680618286,0.4946296811103821,0.6469918489456177,,,,,,,,,,,,,,,,,
4,949,,,,,,,,,,,,,,,,,,,,,,,,,,,,,,,,,5.202851025387645e-05,5.202851025387645e-05,1.6818549966046703e-06,,,,,,,,,,,,,,
4,999,,,,,,,,,,,,,,,,,,,,,,,,,,,,,,,,,5.4769738198956475e-05,5.4769738198956475e-05,1.770466951711569e-06,,,,,,,,,,,,,,
4,1049,,,,,,,,,,,,,,,,,,,,,,,,,,,,,,,,,5.75109661440365e-05,5.75109661440365e-05,1.8590789068184677e-06,,,,,,,,,,,,,,
4,1099,,,,,,,,,,,,,,,,,,,,,,,,,,,,,,,,,6.025219408911653e-05,6.025219408911653e-05,1.9476908619253663e-06,,,,,,,,,,,,,,
4,1139,,,,,,,,,,,,,,,,,,,,,,,,,,,,,,,,,,,,0.020313262939453125,0.1768834888935089,0.1437121331691742,0.07596834003925323,0.017991840839385986,0.2441786229610443,11.010039329528809,0.20340141654014587,0.09170085191726685,0.020313262939453125,0.0013990987790748477,0.23612439632415771,0.2140430361032486,0.15071770548820496
4,1139,,,,,,,,,,,3886.9892578125,3864.3388671875,3859.739501953125,3880.621337890625,3894.4150390625,0.013331078924238682,10.678857803344727,0.04383174329996109,0.049007441848516464,0.046636294573545456,0.04501226544380188,0.056050095707178116,1.0127567052841187,0.9992456436157227,1.0065850019454956,1.0090811252593994,0.9648737907409668,0.42337217926979065,0.45105934143066406,0.4367969334125519,0.4294450581073761,0.50114506483078,,,,,,,,,,,,,,,,,
5,1149,,,,,,,,,,,,,,,,,,,,,,,,,,,,,,,,,6.299342203419656e-05,6.299342203419656e-05,2.0363027033454273e-06,,,,,,,,,,,,,,
5,1199,,,,,,,,,,,,,,,,,,,,,,,,,,,,,,,,,6.573464634129778e-05,6.573464634129778e-05,2.1249147721391637e-06,,,,,,,,,,,,,,
5,1249,,,,,,,,,,,,,,,,,,,,,,,,,,,,,,,,,6.847587792435661e-05,6.847587792435661e-05,2.2135266135592246e-06,,,,,,,,,,,,,,
5,1299,,,,,,,,,,,,,,,,,,,,,,,,,,,,,,,,,7.121710223145783e-05,7.121710223145783e-05,2.302138682352961e-06,,,,,,,,,,,,,,
5,1349,,,,,,,,,,,,,,,,,,,,,,,,,,,,,,,,,7.395833381451666e-05,7.395833381451666e-05,2.390750523773022e-06,,,,,,,,,,,,,,
5,1367,,,,,,,,,,,,,,,,,,,,,,,,,,,,,,,,,,,,0.03803650289773941,0.2515723407268524,0.28001877665519714,0.13366900384426117,0.02941814810037613,0.2531898021697998,10.533344268798828,0.29364636540412903,0.16022522747516632,0.03803650289773941,0.0036781267262995243,0.2732057273387909,0.3669724762439728,0.19138756394386292
5,1367,,,,,,,,,,,3843.70556640625,3829.658203125,3863.7939453125,3864.51708984375,3867.6748046875,0.01208933163434267,10.004653930664062,0.04070160165429115,0.04007459431886673,0.04030294716358185,0.04047171398997307,0.04157256707549095,0.9679288864135742,1.0216169357299805,0.9962305426597595,0.9776410460472107,1.0241812467575073,0.4057494103908539,0.3905065059661865,0.397513747215271,0.40251603722572327,0.4044272005558014,,,,,,,,,,,,,,,,,
6,1399,,,,,,,,,,,,,,,,,,,,,,,,,,,,,,,,,7.669955812161788e-05,7.669955812161788e-05,2.4793625925667584e-06,,,,,,,,,,,,,,
6,1449,,,,,,,,,,,,,,,,,,,,,,,,,,,,,,,,,7.944078970467672e-05,7.944078970467672e-05,2.5679744339868193e-06,,,,,,,,,,,,,,
6,1499,,,,,,,,,,,,,,,,,,,,,,,,,,,,,,,,,8.218201401177794e-05,8.218201401177794e-05,2.6565865027805557e-06,,,,,,,,,,,,,,
6,1549,,,,,,,,,,,,,,,,,,,,,,,,,,,,,,,,,8.492324559483677e-05,8.492324559483677e-05,2.7451983442006167e-06,,,,,,,,,,,,,,
6,1595,,,,,,,,,,,,,,,,,,,,,,,,,,,,,,,,,,,,0.03870822861790657,0.2439526468515396,0.3495576083660126,0.18614840507507324,0.04392262548208237,0.25885167717933655,10.627952575683594,0.3421284556388855,0.16644737124443054,0.03870822861790657,0.004572359379380941,0.24489633738994598,0.343976765871048,0.18899521231651306
6,1595,,,,,,,,,,,3853.748291015625,3809.93359375,3871.44287109375,3861.84326171875,3858.611328125,0.002108373213559389,9.675230979919434,0.038908857852220535,0.037604786455631256,0.03844975680112839,0.03905480355024338,0.03995537757873535,0.9267600178718567,0.9978415966033936,0.9601463079452515,0.9347239136695862,0.9826162457466125,0.3960316777229309,0.3763056695461273,0.3883216381072998,0.3953259587287903,0.3956550657749176,,,,,,,,,,,,,,,,,
7,1599,,,,,,,,,,,,,,,,,,,,,,,,,,,,,,,,,8.76644771778956e-05,8.76644771778956e-05,2.833810412994353e-06,,,,,,,,,,,,,,
7,1649,,,,,,,,,,,,,,,,,,,,,,,,,,,,,,,,,9.040570148499683e-05,9.040570148499683e-05,2.922422254414414e-06,,,,,,,,,,,,,,
7,1699,,,,,,,,,,,,,,,,,,,,,,,,,,,,,,,,,9.314693306805566e-05,9.314693306805566e-05,3.0110343232081505e-06,,,,,,,,,,,,,,
7,1749,,,,,,,,,,,,,,,,,,,,,,,,,,,,,,,,,9.588815737515688e-05,9.588815737515688e-05,3.0996461646282114e-06,,,,,,,,,,,,,,
7,1799,,,,,,,,,,,,,,,,,,,,,,,,,,,,,,,,,9.862938895821571e-05,9.862938895821571e-05,3.188258233421948e-06,,,,,,,,,,,,,,
7,1823,,,,,,,,,,,,,,,,,,,,,,,,,,,,,,,,,,,,0.05151364952325821,0.2709541320800781,0.3582490086555481,0.19994798302650452,0.05201876536011696,0.258931428194046,10.93564224243164,0.31423133611679077,0.18920959532260895,0.05151364952325821,0.011964318342506886,0.2348484843969345,0.3996889591217041,0.2049441784620285
7,1823,,,,,,,,,,,3841.317138671875,3809.266357421875,3864.1513671875,3857.07958984375,3865.41259765625,0.0094886664301157,9.458205223083496,0.03852399066090584,0.03720785304903984,0.03848963603377342,0.03881770744919777,0.03882325068116188,0.8894051909446716,0.9686145186424255,0.9147205948829651,0.8942669034004211,0.9669743180274963,0.39193323254585266,0.3720202147960663,0.38939833641052246,0.39284998178482056,0.3862503468990326,,,,,,,,,,,,,,,,,
8,1849,,,,,,,,,,,,,,,,,,,,,,,,,,,,,,,,,9.999985195463523e-05,9.999985195463523e-05,3.2325594929716317e-06,,,,,,,,,,,,,,
8,1899,,,,,,,,,,,,,,,,,,,,,,,,,,,,,,,,,9.999868780141696e-05,9.999868780141696e-05,3.232521748941508e-06,,,,,,,,,,,,,,
8,1949,,,,,,,,,,,,,,,,,,,,,,,,,,,,,,,,,9.999635949498042e-05,9.999635949498042e-05,3.2324464882549364e-06,,,,,,,,,,,,,,
8,1999,,,,,,,,,,,,,,,,,,,,,,,,,,,,,,,,,9.9992859759368e-05,9.9992859759368e-05,3.232333483538241e-06,,,,,,,,,,,,,,
8,2049,,,,,,,,,,,,,,,,,,,,,,,,,,,,,,,,,9.998820314649493e-05,9.998820314649493e-05,3.2321827347914223e-06,,,,,,,,,,,,,,
8,2051,,,,,,,,,,,,,,,,,,,,,,,,,,,,,,,,,,,,0.05558563023805618,0.30375781655311584,0.3626485764980316,0.21445149183273315,0.059946563094854355,0.2542264759540558,10.61014175415039,0.36493736505508423,0.22605501115322113,0.05558563023805618,0.011021384038031101,0.2464114874601364,0.43957704305648804,0.23205742239952087
8,2051,,,,,,,,,,,3841.874755859375,3828.4501953125,3854.17919921875,3860.74609375,3876.0439453125,0.007379996124655008,9.216771125793457,0.03700299933552742,0.03648851811885834,0.03715502470731735,0.037226758897304535,0.03722791001200676,0.8698762655258179,0.9414234757423401,0.8920382261276245,0.8770382404327393,0.9610275030136108,0.3785053491592407,0.36669161915779114,0.3776205778121948,0.3788294196128845,0.3732824921607971,,,,,,,,,,,,,,,,,
9,2099,,,,,,,,,,,,,,,,,,,,,,,,,,,,,,,,,9.998237510444596e-05,9.998237510444596e-05,3.2319944693881553e-06,,,,,,,,,,,,,,
9,2149,,,,,,,,,,,,,,,,,,,,,,,,,,,,,,,,,9.997539018513635e-05,9.997539018513635e-05,3.2317684599547647e-06,,,,,,,,,,,,,,
9,2199,,,,,,,,,,,,,,,,,,,,,,,,,,,,,,,,,9.996723383665085e-05,9.996723383665085e-05,3.231504933864926e-06,,,,,,,,,,,,,,
9,2249,,,,,,,,,,,,,,,,,,,,,,,,,,,,,,,,,9.995791333494708e-05,9.995791333494708e-05,3.2312036637449637e-06,,,,,,,,,,,,,,
9,2279,,,,,,,,,,,,,,,,,,,,,,,,,,,,,,,,,,,,0.05154646560549736,0.3044542372226715,0.3604317605495453,0.21742627024650574,0.05435933545231819,0.25725677609443665,10.600851058959961,0.3681394159793854,0.20803016424179077,0.05154646560549736,0.005550016183406115,0.2960127592086792,0.3941698372364044,0.24800637364387512
9,2279,,,,,,,,,,,3847.247314453125,3834.6416015625,3847.7490234375,3859.36083984375,3865.653076171875,-2.133218828248573e-07,9.012526512145996,0.036594703793525696,0.0359242707490921,0.036705005913972855,0.03682851046323776,0.0361267626285553,0.8378798961639404,0.9108564257621765,0.8590795397758484,0.8439098000526428,0.949583888053894,0.373521089553833,0.36418473720550537,0.3731650710105896,0.37418004870414734,0.3651083707809448,,,,,,,,,,,,,,,,,
10,2299,,,,,,,,,,,,,,,,,,,,,,,,,,,,,,,,,9.994742868002504e-05,9.994742868002504e-05,3.2308648769685533e-06,,,,,,,,,,,,,,
10,2349,,,,,,,,,,,,,,,,,,,,,,,,,,,,,,,,,9.993577987188473e-05,9.993577987188473e-05,3.2304883461620193e-06,,,,,,,,,,,,,,
10,2399,,,,,,,,,,,,,,,,,,,,,,,,,,,,,,,,,9.992297418648377e-05,9.992297418648377e-05,3.230074298699037e-06,,,,,,,,,,,,,,
10,2449,,,,,,,,,,,,,,,,,,,,,,,,,,,,,,,,,9.990899707190692e-05,9.990899707190692e-05,3.2296225072059315e-06,,,,,,,,,,,,,,
10,2499,,,,,,,,,,,,,,,,,,,,,,,,,,,,,,,,,9.989386308006942e-05,9.989386308006942e-05,3.2291331990563776e-06,,,,,,,,,,,,,,
10,2507,,,,,,,,,,,,,,,,,,,,,,,,,,,,,,,,,,,,0.051135770976543427,0.28843265771865845,0.35802772641181946,0.2236345261335373,0.05727490037679672,0.27583733201026917,10.58523941040039,0.3276815712451935,0.19587765634059906,0.051135770976543427,0.008885419927537441,0.259968101978302,0.3876177668571472,0.22966507077217102
10,2507,,,,,,,,,,,3834.173828125,3866.77001953125,3858.859619140625,3875.07177734375,3857.771484375,-2.0077354179193208e-07,8.797613143920898,0.035334404557943344,0.03554917499423027,0.036152467131614685,0.03574218228459358,0.03478892892599106,0.814613938331604,0.874609649181366,0.8278430700302124,0.8184395432472229,0.943269670009613,0.36462435126304626,0.3616845905780792,0.3681849539279938,0.36647117137908936,0.3545360267162323,,,,,,,,,,,,,,,,,
11,2549,,,,,,,,,,,,,,,,,,,,,,,,,,,,,,,,,9.987755765905604e-05,9.987755765905604e-05,3.2286061468767002e-06,,,,,,,,,,,,,,
11,2599,,,,,,,,,,,,,,,,,,,,,,,,,,,,,,,,,9.9860095360782e-05,9.9860095360782e-05,3.22804180541425e-06,,,,,,,,,,,,,,
11,2649,,,,,,,,,,,,,,,,,,,,,,,,,,,,,,,,,9.984146890928969e-05,9.984146890928969e-05,3.2274397199216764e-06,,,,,,,,,,,,,,
11,2699,,,,,,,,,,,,,,,,,,,,,,,,,,,,,,,,,9.982168558053672e-05,9.982168558053672e-05,3.2268001177726546e-06,,,,,,,,,,,,,,
11,2735,,,,,,,,,,,,,,,,,,,,,,,,,,,,,,,,,,,,0.04338951036334038,0.2403712272644043,0.33519598841667175,0.2105531394481659,0.054573822766542435,0.27232855558395386,10.926875114440918,0.29501408338546753,0.16554053127765656,0.04338951036334038,0.005627685692161322,0.2596491277217865,0.2874583899974823,0.2065390795469284
11,2735,,,,,,,,,,,3751.827880859375,3875.314697265625,3850.480224609375,3865.197265625,3857.234619140625,-2.2168745772432885e-07,8.67042064666748,0.03452293574810028,0.03524479269981384,0.03506481647491455,0.03474342077970505,0.03415133059024811,0.8051626086235046,0.8583730459213257,0.8209403157234192,0.8102148771286011,0.9355927109718323,0.35846197605133057,0.3588457703590393,0.359819233417511,0.3593442738056183,0.3492792844772339,,,,,,,,,,,,,,,,,
12,2749,,,,,,,,,,,,,,,,,,,,,,,,,,,,,,,,,9.980073809856549e-05,9.980073809856549e-05,3.2261229989671847e-06,,,,,,,,,,,,,,
12,2799,,,,,,,,,,,,,,,,,,,,,,,,,,,,,,,,,9.97786337393336e-05,9.97786337393336e-05,3.2254083635052666e-06,,,,,,,,,,,,,,
12,2849,,,,,,,,,,,,,,,,,,,,,,,,,,,,,,,,,9.975536522688344e-05,9.975536522688344e-05,3.2246562113869004e-06,,,,,,,,,,,,,,
12,2899,,,,,,,,,,,,,,,,,,,,,,,,,,,,,,,,,9.973093983717263e-05,9.973093983717263e-05,3.223866542612086e-06,,,,,,,,,,,,,,
12,2949,,,,,,,,,,,,,,,,,,,,,,,,,,,,,,,,,9.970535029424354e-05,9.970535029424354e-05,3.223039584554499e-06,,,,,,,,,,,,,,
12,2963,,,,,,,,,,,,,,,,,,,,,,,,,,,,,,,,,,,,0.03362511470913887,0.21468298137187958,0.3174188435077667,0.18927645683288574,0.04876217991113663,0.27296650409698486,10.729362487792969,0.30422815680503845,0.13422457873821259,0.03362511470913887,0.006413402501493692,0.25079745054244995,0.3547794222831726,0.15390749275684357
12,2963,,,,,,,,,,,3688.784912109375,3870.507568359375,3809.14208984375,3829.812744140625,3841.61572265625,0.001054102904163301,8.512479782104492,0.03393740952014923,0.0343623049557209,0.034362390637397766,0.0342746376991272,0.03306158259510994,0.7835121750831604,0.8380845785140991,0.7995021939277649,0.7861542701721191,0.9236376285552979,0.3546907305717468,0.35413458943367004,0.35629087686538696,0.35667452216148376,0.3440120220184326,,,,,,,,,,,,,,,,,
13,2999,,,,,,,,,,,,,,,,,,,,,,,,,,,,,,,,,9.967861115001142e-05,9.967861115001142e-05,3.222175109840464e-06,,,,,,,,,,,,,,
13,3049,,,,,,,,,,,,,,,,,,,,,,,,,,,,,,,,,9.965070785256103e-05,9.965070785256103e-05,3.2212731184699805e-06,,,,,,,,,,,,,,
13,3099,,,,,,,,,,,,,,,,,,,,,,,,,,,,,,,,,9.962164767784998e-05,9.962164767784998e-05,3.2203338378167246e-06,,,,,,,,,,,,,,
13,3149,,,,,,,,,,,,,,,,,,,,,,,,,,,,,,,,,9.959143062587827e-05,9.959143062587827e-05,3.2193570405070204e-06,,,,,,,,,,,,,,
13,3191,,,,,,,,,,,,,,,,,,,,,,,,,,,,,,,,,,,,0.03555074706673622,0.2482384890317917,0.32790571451187134,0.1997964233160019,0.05152164772152901,0.27775120735168457,11.331477165222168,0.2731781601905823,0.14641059935092926,0.03555074706673622,0.003803138853982091,0.24138756096363068,0.38747885823249817,0.18261562287807465
13,3191,,,,,,,,,,,3709.221923828125,3861.3095703125,3767.466064453125,3791.835693359375,3828.802734375,0.001686652540229261,8.395607948303223,0.032903607934713364,0.03361180052161217,0.033312875777482986,0.03327661007642746,0.03262957185506821,0.7792375087738037,0.82713383436203,0.7950329184532166,0.7820680737495422,0.9159991145133972,0.34691107273101807,0.349057137966156,0.34843435883522034,0.34866708517074585,0.3406637907028198,,,,,,,,,,,,,,,,,
14,3199,,,,,,,,,,,,,,,,,,,,,,,,,,,,,,,,,9.956006397260353e-05,9.956006397260353e-05,3.2183429539145436e-06,,,,,,,,,,,,,,
14,3249,,,,,,,,,,,,,,,,,,,,,,,,,,,,,,,,,9.952754044206813e-05,9.952754044206813e-05,3.217291578039294e-06,,,,,,,,,,,,,,
14,3299,,,,,,,,,,,,,,,,,,,,,,,,,,,,,,,,,9.949386003427207e-05,9.949386003427207e-05,3.216202912881272e-06,,,,,,,,,,,,,,
14,3349,,,,,,,,,,,,,,,,,,,,,,,,,,,,,,,,,9.945903002517298e-05,9.945903002517298e-05,3.215076958440477e-06,,,,,,,,,,,,,,
14,3399,,,,,,,,,,,,,,,,,,,,,,,,,,,,,,,,,9.942304313881323e-05,9.942304313881323e-05,3.2139137147169095e-06,,,,,,,,,,,,,,
14,3419,,,,,,,,,,,,,,,,,,,,,,,,,,,,,,,,,,,,0.0326605960726738,0.2335357367992401,0.3138398230075836,0.1893298476934433,0.050921738147735596,0.2773524820804596,11.029053688049316,0.2789583206176758,0.12718957662582397,0.0326605960726738,0.008709974586963654,0.25334927439689636,0.2818489372730255,0.19936203956604004
14,3419,,,,,,,,,,,3735.93701171875,3859.652587890625,3695.065185546875,3741.4052734375,3805.609130859375,-2.049563221362405e-07,8.229978561401367,0.032112982124090195,0.03287367522716522,0.03270094841718674,0.03242310881614685,0.031828247010707855,0.7641708254814148,0.8126772046089172,0.7776009440422058,0.7672021389007568,0.9068519473075867,0.3391585052013397,0.3415878713130951,0.34136635065078735,0.3405466675758362,0.3332298994064331,,,,,,,,,,,,,,,,,
15,3449,,,,,,,,,,,,,,,,,,,,,,,,,,,,,,,,,9.938590665115044e-05,9.938590665115044e-05,3.212713181710569e-06,,,,,,,,,,,,,,
15,3499,,,,,,,,,,,,,,,,,,,,,,,,,,,,,,,,,9.93476205621846e-05,9.93476205621846e-05,3.2114755867951317e-06,,,,,,,,,,,,,,
15,3549,,,,,,,,,,,,,,,,,,,,,,,,,,,,,,,,,9.930817759595811e-05,9.930817759595811e-05,3.2102007025969215e-06,,,,,,,,,,,,,,
15,3599,,,,,,,,,,,,,,,,,,,,,,,,,,,,,,,,,9.92675923043862e-05,9.92675923043862e-05,3.208888756489614e-06,,,,,,,,,,,,,,
15,3647,,,,,,,,,,,,,,,,,,,,,,,,,,,,,,,,,,,,0.04120071232318878,0.27067670226097107,0.3227953612804413,0.179705411195755,0.046793241053819656,0.27814993262290955,11.131178855895996,0.3239848017692566,0.17746296525001526,0.04120071232318878,0.0054277717135846615,0.24314194917678833,0.30387288331985474,0.24401913583278656
15,3647,,,,,,,,,,,3756.540771484375,3869.376953125,3692.359619140625,3733.815185546875,3807.6884765625,-2.2587023806863726e-07,8.120434761047363,0.03154180943965912,0.0323161818087101,0.03202367201447487,0.03175343573093414,0.03129070624709129,0.7556257843971252,0.8022379875183105,0.7675198316574097,0.7593649625778198,0.8968703746795654,0.33466944098472595,0.3362942934036255,0.3365973234176636,0.3360404968261719,0.32849234342575073,,,,,,,,,,,,,,,,,
16,3649,,,,,,,,,,,,,,,,,,,,,,,,,,,,,,,,,9.922585741151124e-05,9.922585741151124e-05,3.2075397484732093e-06,,,,,,,,,,,,,,
16,3699,,,,,,,,,,,,,,,,,,,,,,,,,,,,,,,,,9.918298019329086e-05,9.918298019329086e-05,3.206153451174032e-06,,,,,,,,,,,,,,
16,3749,,,,,,,,,,,,,,,,,,,,,,,,,,,,,,,,,9.913895337376744e-05,9.913895337376744e-05,3.2047303193394328e-06,,,,,,,,,,,,,,
16,3799,,,,,,,,,,,,,,,,,,,,,,,,,,,,,,,,,9.909378422889858e-05,9.909378422889858e-05,3.2032701255957363e-06,,,,,,,,,,,,,,
16,3849,,,,,,,,,,,,,,,,,,,,,,,,,,,,,,,,,9.904746548272669e-05,9.904746548272669e-05,3.2017728699429426e-06,,,,,,,,,,,,,,
16,3875,,,,,,,,,,,,,,,,,,,,,,,,,,,,,,,,,,,,0.033142101019620895,0.24801865220069885,0.29453539848327637,0.15122857689857483,0.040489256381988525,0.2702551782131195,11.019540786743164,0.28311827778816223,0.12831303477287292,0.033142101019620895,0.00578679982572794,0.2551833987236023,0.29854097962379456,0.21212121844291687
16,3875,,,,,,,,,,,3730.3505859375,3839.931396484375,3651.9814453125,3669.253173828125,3752.32958984375,-2.091391024805489e-07,8.033551216125488,0.03149724379181862,0.031757548451423645,0.031728412955999374,0.031536683440208435,0.03094840794801712,0.7431046962738037,0.7916361689567566,0.756864607334137,0.7482659816741943,0.8853350877761841,0.3330081105232239,0.33335092663764954,0.3342145085334778,0.3332534730434418,0.3266753554344177,,,,,,,,,,,,,,,,,
17,3899,,,,,,,,,,,,,,,,,,,,,,,,,,,,,,,,,9.900000441120937e-05,9.900000441120937e-05,3.200238779754727e-06,,,,,,,,,,,,,,
17,3949,,,,,,,,,,,,,,,,,,,,,,,,,,,,,,,,,9.895140829030424e-05,9.895140829030424e-05,3.1986676276574144e-06,,,,,,,,,,,,,,
17,3999,,,,,,,,,,,,,,,,,,,,,,,,,,,,,,,,,9.890166256809607e-05,9.890166256809607e-05,3.1970598683983553e-06,,,,,,,,,,,,,,
17,4049,,,,,,,,,,,,,,,,,,,,,,,,,,,,,,,,,9.88507890724577e-05,9.88507890724577e-05,3.195415047230199e-06,,,,,,,,,,,,,,
17,4099,,,,,,,,,,,,,,,,,,,,,,,,,,,,,,,,,9.879876597551629e-05,9.879876597551629e-05,3.1937336189002963e-06,,,,,,,,,,,,,,
17,4103,,,,,,,,,,,,,,,,,,,,,,,,,,,,,,,,,,,,0.03419690206646919,0.24460431933403015,0.3068181276321411,0.15312550961971283,0.040803197771310806,0.268899530172348,11.126145362854004,0.26004013419151306,0.13355036079883575,0.03419690206646919,0.006341047119349241,0.23524720966815948,0.30685919523239136,0.2033492773771286
17,4103,,,,,,,,,,,3715.939453125,3845.79833984375,3608.821044921875,3663.932861328125,3761.560546875,-2.342357987572541e-07,7.937564373016357,0.03079511784017086,0.03161546215415001,0.031179841607809067,0.030866459012031555,0.031238362193107605,0.7395410537719727,0.7841795086860657,0.7514029145240784,0.7441729307174683,0.8714842796325684,0.32619377970695496,0.32877057790756226,0.32767125964164734,0.32630154490470886,0.3252140283584595,,,,,,,,,,,,,,,,,
18,4149,,,,,,,,,,,,,,,,,,,,,,,,,,,,,,,,,9.874561510514468e-05,9.874561510514468e-05,3.1920153560349718e-06,,,,,,,,,,,,,,
18,4199,,,,,,,,,,,,,,,,,,,,,,,,,,,,,,,,,9.869132190942764e-05,9.869132190942764e-05,3.1902602586342255e-06,,,,,,,,,,,,,,
18,4249,,,,,,,,,,,,,,,,,,,,,,,,,,,,,,,,,9.86358936643228e-05,9.86358936643228e-05,3.1884687814454082e-06,,,,,,,,,,,,,,
18,4299,,,,,,,,,,,,,,,,,,,,,,,,,,,,,,,,,9.857933764578775e-05,9.857933764578775e-05,3.186640469721169e-06,,,,,,,,,,,,,,
18,4331,,,,,,,,,,,,,,,,,,,,,,,,,,,,,,,,,,,,0.032623954117298126,0.23911111056804657,0.3080908954143524,0.1568857878446579,0.04169721156358719,0.2685805559158325,11.708901405334473,0.26759064197540283,0.13073010742664337,0.032623954117298126,0.004591353237628937,0.24752791225910187,0.2700803279876709,0.21451355516910553
18,4331,,,,,,,,,,,3669.81201171875,3826.248046875,3608.78125,3656.529541015625,3769.381103515625,-2.2587023806863726e-07,7.871997833251953,0.030693748965859413,0.03133457526564598,0.03119076043367386,0.030842196196317673,0.03125797212123871,0.7331312298774719,0.7706156969070435,0.7411298751831055,0.7357141375541687,0.858544111251831,0.3238068222999573,0.3268545866012573,0.3268699049949646,0.3250274062156677,0.32556915283203125,,,,,,,,,,,,,,,,,
19,4349,,,,,,,,,,,,,,,,,,,,,,,,,,,,,,,,,9.852164657786489e-05,9.852164657786489e-05,3.184775550835184e-06,,,,,,,,,,,,,,
19,4399,,,,,,,,,,,,,,,,,,,,,,,,,,,,,,,,,9.846282773651183e-05,9.846282773651183e-05,3.182874024787452e-06,,,,,,,,,,,,,,
19,4449,,,,,,,,,,,,,,,,,,,,,,,,,,,,,,,,,9.840288112172857e-05,9.840288112172857e-05,3.1809361189516494e-06,,,,,,,,,,,,,,
19,4499,,,,,,,,,,,,,,,,,,,,,,,,,,,,,,,,,9.83417994575575e-05,9.83417994575575e-05,3.178961833327776e-06,,,,,,,,,,,,,,
19,4549,,,,,,,,,,,,,,,,,,,,,,,,,,,,,,,,,9.827959729591385e-05,9.827959729591385e-05,3.1769511679158313e-06,,,,,,,,,,,,,,
19,4559,,,,,,,,,,,,,,,,,,,,,,,,,,,,,,,,,,,,0.03546198830008507,0.272538423538208,0.29922807216644287,0.1406906545162201,0.038682546466588974,0.270574152469635,11.285663604736328,0.28881239891052246,0.1529233753681183,0.03546198830008507,0.005237168166786432,0.2689792811870575,0.28447529673576355,0.2615630030632019
19,4559,,,,,,,,,,,3694.5224609375,3828.0,3561.019775390625,3644.050537109375,3755.194580078125,-2.2168745772432885e-07,7.799760818481445,0.03035076893866062,0.031045934185385704,0.030663901939988136,0.030403148382902145,0.030997484922409058,0.724443256855011,0.7648777365684509,0.7339339852333069,0.7274079322814941,0.8503364324569702,0.32123643159866333,0.32541653513908386,0.32308828830718994,0.3219321072101593,0.3240557014942169,,,,,,,,,,,,,,,,,
20,4599,,,,,,,,,,,,,,,,,,,,,,,,,,,,,,,,,9.821627463679761e-05,9.821627463679761e-05,3.1749038953421405e-06,,,,,,,,,,,,,,
20,4649,,,,,,,,,,,,,,,,,,,,,,,,,,,,,,,,,9.815181692829356e-05,9.815181692829356e-05,3.1728206977277296e-06,,,,,,,,,,,,,,
20,4699,,,,,,,,,,,,,,,,,,,,,,,,,,,,,,,,,9.808624599827453e-05,9.808624599827453e-05,3.1707008929515723e-06,,,,,,,,,,,,,,
20,4749,,,,,,,,,,,,,,,,,,,,,,,,,,,,,,,,,9.801955457078293e-05,9.801955457078293e-05,3.1685449357610196e-06,,,,,,,,,,,,,,
20,4787,,,,,,,,,,,,,,,,,,,,,,,,,,,,,,,,,,,,0.02562735788524151,0.23080259561538696,0.27681517601013184,0.1324251890182495,0.0377359464764595,0.26523125171661377,11.205970764160156,0.24439650774002075,0.10494294762611389,0.02562735788524151,0.00393503624945879,0.260606050491333,0.25309228897094727,0.21212121844291687
20,4787,,,,,,,,,,,3773.50146484375,3859.576416015625,3560.683349609375,3686.88525390625,3783.621826171875,-2.091391024805489e-07,7.755111217498779,0.029859358444809914,0.030598923563957214,0.03023485280573368,0.0299795251339674,0.030336715281009674,0.7236045598983765,0.7629706859588623,0.7336844205856323,0.7266781330108643,0.8441061973571777,0.3192373216152191,0.32307150959968567,0.32138562202453613,0.3199462890625,0.3208733797073364,,,,,,,,,,,,,,,,,
21,4799,,,,,,,,,,,,,,,,,,,,,,,,,,,,,,,,,9.795174264581874e-05,9.795174264581874e-05,3.166353053529747e-06,,,,,,,,,,,,,,
21,4849,,,,,,,,,,,,,,,,,,,,,,,,,,,,,,,,,9.788281749933958e-05,9.788281749933958e-05,3.164124791510403e-06,,,,,,,,,,,,,,
21,4899,,,,,,,,,,,,,,,,,,,,,,,,,,,,,,,,,9.781277185538784e-05,9.781277185538784e-05,3.1618606044503395e-06,,,,,,,,,,,,,,
21,4949,,,,,,,,,,,,,,,,,,,,,,,,,,,,,,,,,9.774161298992112e-05,9.774161298992112e-05,3.1595604923495557e-06,,,,,,,,,,,,,,
21,4999,,,,,,,,,,,,,,,,,,,,,,,,,,,,,,,,,9.766934090293944e-05,9.766934090293944e-05,3.1572242278343765e-06,,,,,,,,,,,,,,
21,5015,,,,,,,,,,,,,,,,,,,,,,,,,,,,,,,,,,,,0.032062169164419174,0.23822464048862457,0.27369424700737,0.1166900247335434,0.031528815627098083,0.26299840211868286,11.408769607543945,0.30537092685699463,0.11841446161270142,0.032062169164419174,0.006748938467353582,0.2544656991958618,0.27568134665489197,0.20972886681556702
21,5015,,,,,,,,,,,3756.725341796875,3859.8623046875,3518.283447265625,3644.57177734375,3754.86572265625,-2.2168745772432885e-07,7.619256973266602,0.02931780368089676,0.030017899349331856,0.02950674667954445,0.02931787073612213,0.029980624094605446,0.7125310301780701,0.7454904317855835,0.7221875190734863,0.7159419655799866,0.8297909498214722,0.3133639395236969,0.31736594438552856,0.3145986497402191,0.3137803375720978,0.3171948492527008,,,,,,,,,,,,,,,,,
22,5049,,,,,,,,,,,,,,,,,,,,,,,,,,,,,,,,,9.75959628704004e-05,9.75959628704004e-05,3.1548522656521527e-06,,,,,,,,,,,,,,
22,5099,,,,,,,,,,,,,,,,,,,,,,,,,,,,,,,,,9.7521478892304e-05,9.7521478892304e-05,3.152444378429209e-06,,,,,,,,,,,,,,
22,5149,,,,,,,,,,,,,,,,,,,,,,,,,,,,,,,,,9.744588169269264e-05,9.744588169269264e-05,3.150000566165545e-06,,,,,,,,,,,,,,
22,5199,,,,,,,,,,,,,,,,,,,,,,,,,,,,,,,,,9.736917854752392e-05,9.736917854752392e-05,3.147521283608512e-06,,,,,,,,,,,,,,
22,5243,,,,,,,,,,,,,,,,,,,,,,,,,,,,,,,,,,,,0.02117103897035122,0.2145804613828659,0.26685142517089844,0.11078052967786789,0.02947448007762432,0.2571770250797272,11.80223274230957,0.2321433275938034,0.09015963226556778,0.02117103897035122,0.001836220035329461,0.21371610462665558,0.25242719054222107,0.1866028755903244
22,5243,,,,,,,,,,,3625.604248046875,3817.753662109375,3503.14697265625,3675.15673828125,3659.142578125,-2.049563221362405e-07,7.551682472229004,0.0289468877017498,0.02966693416237831,0.029150590300559998,0.028982019051909447,0.02976955845952034,0.7065047025680542,0.7393002510070801,0.7143800854682922,0.7091723084449768,0.8171637654304504,0.3115578591823578,0.31498053669929504,0.3128623962402344,0.3116200864315033,0.31527388095855713,,,,,,,,,,,,,,,,,
23,5249,,,,,,,,,,,,,,,,,,,,,,,,,,,,,,,,,9.729137673275545e-05,9.729137673275545e-05,3.1450063033844344e-06,,,,,,,,,,,,,,
23,5299,,,,,,,,,,,,,,,,,,,,,,,,,,,,,,,,,9.721246897242963e-05,9.721246897242963e-05,3.1424556254933123e-06,,,,,,,,,,,,,,
23,5349,,,,,,,,,,,,,,,,,,,,,,,,,,,,,,,,,9.713246981846169e-05,9.713246981846169e-05,3.1398692499351455e-06,,,,,,,,,,,,,,
23,5399,,,,,,,,,,,,,,,,,,,,,,,,,,,,,,,,,9.705136471893638e-05,9.705136471893638e-05,3.137247631457285e-06,,,,,,,,,,,,,,
23,5449,,,,,,,,,,,,,,,,,,,,,,,,,,,,,,,,,9.696916822576895e-05,9.696916822576895e-05,3.1345905426860554e-06,,,,,,,,,,,,,,
23,5471,,,,,,,,,,,,,,,,,,,,,,,,,,,,,,,,,,,,0.04403848946094513,0.24057970941066742,0.2947661876678467,0.12866716086864471,0.035419613122940063,0.2685805559158325,11.107110977172852,0.3241235613822937,0.14932824671268463,0.04403848946094513,0.010142270475625992,0.2740829288959503,0.30514705181121826,0.1985645890235901
23,5471,,,,,,,,,,,3582.691162109375,3796.273681640625,3562.25927734375,3652.5126953125,3709.60791015625,-2.5514970047879615e-07,7.494093894958496,0.02887754514813423,0.029474040493369102,0.028976304456591606,0.028954656794667244,0.029462292790412903,0.7019002437591553,0.7340958118438721,0.7084608674049377,0.7032784819602966,0.8142455816268921,0.3088769018650055,0.3118168115615845,0.30955249071121216,0.30947327613830566,0.31197211146354675,,,,,,,,,,,,,,,,,
24,5499,,,,,,,,,,,,,,,,,,,,,,,,,,,,,,,,,9.688587306300178e-05,9.688587306300178e-05,3.1318979836214567e-06,,,,,,,,,,,,,,
24,5549,,,,,,,,,,,,,,,,,,,,,,,,,,,,,,,,,9.68014937825501e-05,9.68014937825501e-05,3.1291704090108396e-06,,,,,,,,,,,,,,
24,5599,,,,,,,,,,,,,,,,,,,,,,,,,,,,,,,,,9.671601583249867e-05,9.671601583249867e-05,3.1264073641068535e-06,,,,,,,,,,,,,,
24,5649,,,,,,,,,,,,,,,,,,,,,,,,,,,,,,,,,9.662945376476273e-05,9.662945376476273e-05,3.1236090762831736e-06,,,,,,,,,,,,,,
24,5699,,,,,,,,,,,,,,,,,,,,,,,,,,,,,,,,,9.654180757934228e-05,9.654180757934228e-05,3.120776000287151e-06,,,,,,,,,,,,,,
24,5699,,,,,,,,,,,,,,,,,,,,,,,,,,,,,,,,,,,,0.04290344938635826,0.256582111120224,0.2933150827884674,0.13057594001293182,0.035902027040719986,0.27009570598602295,11.135872840881348,0.31873053312301636,0.14883466064929962,0.04290344938635826,0.010811441577970982,0.2775917053222656,0.32095807790756226,0.21371610462665558
24,5699,,,,,,,,,,,3491.261474609375,3815.94287109375,3440.663330078125,3607.993896484375,3689.622314453125,-2.1750466316916572e-07,7.431463718414307,0.0283364187926054,0.02885502018034458,0.028624575585126877,0.02835037000477314,0.029224645346403122,0.6962357759475708,0.7305959463119507,0.7037586569786072,0.6999067068099976,0.8049491047859192,0.3057728111743927,0.30909642577171326,0.3074171543121338,0.3061356246471405,0.3111039102077484,,,,,,,,,,,,,,,,,
25,5749,,,,,,,,,,,,,,,,,,,,,,,,,,,,,,,,,9.645307727623731e-05,9.645307727623731e-05,3.1179076813714346e-06,,,,,,,,,,,,,,
25,5799,,,,,,,,,,,,,,,,,,,,,,,,,,,,,,,,,9.636326285544783e-05,9.636326285544783e-05,3.1150043469097e-06,,,,,,,,,,,,,,
25,5849,,,,,,,,,,,,,,,,,,,,,,,,,,,,,,,,,9.627237159293145e-05,9.627237159293145e-05,3.1120662242756225e-06,,,,,,,,,,,,,,
25,5899,,,,,,,,,,,,,,,,,,,,,,,,,,,,,,,,,9.618040348868817e-05,9.618040348868817e-05,3.109093086095527e-06,,,,,,,,,,,,,,
25,5927,,,,,,,,,,,,,,,,,,,,,,,,,,,,,,,,,,,,0.030320633202791214,0.23083198070526123,0.27956727147102356,0.12686948478221893,0.03388866409659386,0.2687400281429291,11.908003807067871,0.26370665431022644,0.11778674274682999,0.030320633202791214,0.006318691186606884,0.2590909004211426,0.23622705042362213,0.22567783296108246
25,5927,,,,,,,,,,,3697.663330078125,3809.94873046875,3477.9013671875,3608.729736328125,3692.622802734375,-2.049563221362405e-07,7.413272380828857,0.028224192559719086,0.02910873293876648,0.028669673949480057,0.028365222737193108,0.029262706637382507,0.696509599685669,0.7246209383010864,0.7018455266952515,0.697898805141449,0.8011839985847473,0.3042357265949249,0.3089488744735718,0.307193398475647,0.30537453293800354,0.3107786774635315,,,,,,,,,,,,,,,,,
26,5949,,,,,,,,,,,,,,,,,,,,,,,,,,,,,,,,,9.6087358542718e-05,9.6087358542718e-05,3.1060853871167637e-06,,,,,,,,,,,,,,
26,5999,,,,,,,,,,,,,,,,,,,,,,,,,,,,,,,,,9.599323675502092e-05,9.599323675502092e-05,3.103042899965658e-06,,,,,,,,,,,,,,
26,6049,,,,,,,,,,,,,,,,,,,,,,,,,,,,,,,,,9.589804540155455e-05,9.589804540155455e-05,3.0999658520158846e-06,,,,,,,,,,,,,,
26,6099,,,,,,,,,,,,,,,,,,,,,,,,,,,,,,,,,9.580179175827652e-05,9.580179175827652e-05,3.0968544706411194e-06,,,,,,,,,,,,,,
26,6149,,,,,,,,,,,,,,,,,,,,,,,,,,,,,,,,,9.57044685492292e-05,9.57044685492292e-05,3.0937083010940114e-06,,,,,,,,,,,,,,
26,6155,,,,,,,,,,,,,,,,,,,,,,,,,,,,,,,,,,,,0.03131065145134926,0.2288428395986557,0.26630914211273193,0.11583922803401947,0.0326446071267128,0.26180222630500793,11.286954879760742,0.2759615182876587,0.11119133979082108,0.03131065145134926,0.008284422568976879,0.2583732008934021,0.2495291829109192,0.21132376790046692
26,6155,,,,,,,,,,,3710.238525390625,3839.836181640625,3601.562744140625,3689.930419921875,3755.73046875,-2.3005301841294568e-07,7.324037551879883,0.02763299085199833,0.028360266238451004,0.027897214516997337,0.027702325955033302,0.028863269835710526,0.6888656616210938,0.7183861136436462,0.6965205669403076,0.6915192008018494,0.7892767190933228,0.3010365962982178,0.30511265993118286,0.30226707458496094,0.30145928263664246,0.30872011184692383,,,,,,,,,,,,,,,,,
27,6199,,,,,,,,,,,,,,,,,,,,,,,,,,,,,,,,,9.56060757744126e-05,9.56060757744126e-05,3.0905277981219115e-06,,,,,,,,,,,,,,
27,6249,,,,,,,,,,,,,,,,,,,,,,,,,,,,,,,,,9.550662798574194e-05,9.550662798574194e-05,3.0873129617248196e-06,,,,,,,,,,,,,,
27,6299,,,,,,,,,,,,,,,,,,,,,,,,,,,,,,,,,9.540611790725961e-05,9.540611790725961e-05,3.0840640192764113e-06,,,,,,,,,,,,,,
27,6349,,,,,,,,,,,,,,,,,,,,,,,,,,,,,,,,,9.530455281492323e-05,9.530455281492323e-05,3.080780743403011e-06,,,,,,,,,,,,,,
27,6383,,,,,,,,,,,,,,,,,,,,,,,,,,,,,,,,,,,,0.03127466142177582,0.25075528025627136,0.25801581144332886,0.11334933340549469,0.03194231167435646,0.2618819773197174,11.389140129089355,0.2751691937446594,0.11722364276647568,0.03127466142177582,0.007056914269924164,0.25374799966812134,0.238163560628891,0.2647528052330017
27,6383,,,,,,,,,,,3750.15234375,3838.872314453125,3568.5947265625,3700.59814453125,3671.08056640625,-2.0077354179193208e-07,7.260676383972168,0.027443300932645798,0.02810063771903515,0.02768554538488388,0.027507470920681953,0.028261812403798103,0.6813732385635376,0.7101096510887146,0.6885643005371094,0.6836156249046326,0.782404363155365,0.29941314458847046,0.304190456867218,0.301107794046402,0.29967206716537476,0.3054253160953522,,,,,,,,,,,,,,,,,
28,6399,,,,,,,,,,,,,,,,,,,,,,,,,,,,,,,,,9.520193270873278e-05,9.520193270873278e-05,3.0774635888519697e-06,,,,,,,,,,,,,,
28,6449,,,,,,,,,,,,,,,,,,,,,,,,,,,,,,,,,9.509825758868828e-05,9.509825758868828e-05,3.0741121008759364e-06,,,,,,,,,,,,,,
28,6499,,,,,,,,,,,,,,,,,,,,,,,,,,,,,,,,,9.499353473074734e-05,9.499353473074734e-05,3.0707269615959376e-06,,,,,,,,,,,,,,
28,6549,,,,,,,,,,,,,,,,,,,,,,,,,,,,,,,,,9.488776413490996e-05,9.488776413490996e-05,3.0673079436382977e-06,,,,,,,,,,,,,,
28,6599,,,,,,,,,,,,,,,,,,,,,,,,,,,,,,,,,9.478094580117613e-05,9.478094580117613e-05,3.063855047003017e-06,,,,,,,,,,,,,,
28,6611,,,,,,,,,,,,,,,,,,,,,,,,,,,,,,,,,,,,0.025371963158249855,0.228443443775177,0.23399485647678375,0.10270892828702927,0.028859799727797508,0.25813397765159607,11.564345359802246,0.21295438706874847,0.0966445654630661,0.025371963158249855,0.005168423056602478,0.23755981028079987,0.21473684906959534,0.24401913583278656
28,6611,,,,,,,,,,,3612.743408203125,3835.08984375,3448.86181640625,3634.516357421875,3676.377197265625,-2.2168745772432885e-07,7.179474353790283,0.026832815259695053,0.027423221617937088,0.027034468948841095,0.026820579543709755,0.027790192514657974,0.6798352003097534,0.7063344120979309,0.6862099766731262,0.6821571588516235,0.7773503065109253,0.29435884952545166,0.2982882559299469,0.2957906424999237,0.2947629690170288,0.30083900690078735,,,,,,,,,,,,,,,,,
29,6649,,,,,,,,,,,,,,,,,,,,,,,,,,,,,,,,,9.467308700550348e-05,9.467308700550348e-05,3.060368271690095e-06,,,,,,,,,,,,,,
29,6699,,,,,,,,,,,,,,,,,,,,,,,,,,,,,,,,,9.45641950238496e-05,9.45641950238496e-05,3.056848299820558e-06,,,,,,,,,,,,,,
29,6749,,,,,,,,,,,,,,,,,,,,,,,,,,,,,,,,,9.44542553042993e-05,9.44542553042993e-05,3.0532944492733805e-06,,,,,,,,,,,,,,
29,6799,,,,,,,,,,,,,,,,,,,,,,,,,,,,,,,,,9.434328967472538e-05,9.434328967472538e-05,3.049707402169588e-06,,,,,,,,,,,,,,
29,6839,,,,,,,,,,,,,,,,,,,,,,,,,,,,,,,,,,,,0.03834331035614014,0.2565099000930786,0.24504470825195312,0.11020763218402863,0.030856039375066757,0.24760764837265015,11.50389575958252,0.25977131724357605,0.13060232996940613,0.03834331035614014,0.012157415971159935,0.23803827166557312,0.25018954277038574,0.2631579041481018
29,6839,,,,,,,,,,,3723.243408203125,3827.203857421875,3529.19287109375,3726.336181640625,3736.66064453125,-2.2587023806863726e-07,7.156651973724365,0.02673833817243576,0.027496322989463806,0.027095161378383636,0.026825541630387306,0.027879921719431877,0.6762228012084961,0.7029286026954651,0.6814821362495422,0.6780740022659302,0.7692135572433472,0.29332631826400757,0.2987436354160309,0.2960384488105774,0.2943340241909027,0.30183491110801697,,,,,,,,,,,,,,,,,
30,6849,,,,,,,,,,,,,,,,,,,,,,,,,,,,,,,,,9.423128358321264e-05,9.423128358321264e-05,3.04608670376183e-06,,,,,,,,,,,,,,
30,6899,,,,,,,,,,,,,,,,,,,,,,,,,,,,,,,,,9.41182515816763e-05,9.41182515816763e-05,3.0424330361711327e-06,,,,,,,,,,,,,,
30,6949,,,,,,,,,,,,,,,,,,,,,,,,,,,,,,,,,9.400419367011636e-05,9.400419367011636e-05,3.0387459446501452e-06,,,,,,,,,,,,,,
30,6999,,,,,,,,,,,,,,,,,,,,,,,,,,,,,,,,,9.388911712449044e-05,9.388911712449044e-05,3.0350258839462185e-06,,,,,,,,,,,,,,
30,7049,,,,,,,,,,,,,,,,,,,,,,,,,,,,,,,,,9.377301466884091e-05,9.377301466884091e-05,3.0312728540593525e-06,,,,,,,,,,,,,,
30,7067,,,,,,,,,,,,,,,,,,,,,,,,,,,,,,,,,,,,0.02473457343876362,0.21490195393562317,0.24318145215511322,0.11578274518251419,0.03447338938713074,0.25271132588386536,11.883005142211914,0.20416387915611267,0.08764666318893433,0.02473457343876362,0.006991802714765072,0.23349282145500183,0.2114197462797165,0.2185007929801941
30,7067,,,,,,,,,,,3685.23583984375,3861.864501953125,3513.75390625,3687.236328125,3755.90771484375,-2.091391024805489e-07,7.178657531738281,0.027272524312138557,0.02793418988585472,0.027576077729463577,0.027325479313731194,0.028341194614768028,0.677865743637085,0.7034003734588623,0.6836745142936707,0.679093599319458,0.768625020980835,0.29506516456604004,0.2983246445655823,0.296312153339386,0.29543963074684143,0.3017362058162689,,,,,,,,,,,,,,,,,
31,7099,,,,,,,,,,,,,,,,,,,,,,,,,,,,,,,,,9.36558935791254e-05,9.36558935791254e-05,3.0274868549895473e-06,,,,,,,,,,,,,,
31,7149,,,,,,,,,,,,,,,,,,,,,,,,,,,,,,,,,9.353775385534391e-05,9.353775385534391e-05,3.0236678867368028e-06,,,,,,,,,,,,,,
31,7199,,,,,,,,,,,,,,,,,,,,,,,,,,,,,,,,,9.341860277345404e-05,9.341860277345404e-05,3.0198161766747944e-06,,,,,,,,,,,,,,
31,7249,,,,,,,,,,,,,,,,,,,,,,,,,,,,,,,,,9.32984403334558e-05,9.32984403334558e-05,3.0159319521771977e-06,,,,,,,,,,,,,,
31,7295,,,,,,,,,,,,,,,,,,,,,,,,,,,,,,,,,,,,0.021216681227087975,0.20740137994289398,0.23850035667419434,0.10011999309062958,0.0299430713057518,0.25015950202941895,11.839083671569824,0.2062707096338272,0.0788768082857132,0.021216681227087975,0.00492886221036315,0.23269537091255188,0.21161825954914093,0.2033492773771286
31,7295,,,,,,,,,,,3632.65771484375,3841.913330078125,3492.12451171875,3594.452880859375,3712.197998046875,-2.049563221362405e-07,7.070193290710449,0.02643432468175888,0.0270437840372324,0.02680218406021595,0.02649981714785099,0.027524346485733986,0.6706269383430481,0.6942256689071655,0.6747575998306274,0.672166645526886,0.7580376863479614,0.2900194823741913,0.29357463121414185,0.2926379442214966,0.2906222343444824,0.29757100343704224,,,,,,,,,,,,,,,,,
32,7299,,,,,,,,,,,,,,,,,,,,,,,,,,,,,,,,,9.31772738113068e-05,9.31772738113068e-05,3.0120152132440126e-06,,,,,,,,,,,,,,
32,7349,,,,,,,,,,,,,,,,,,,,,,,,,,,,,,,,,9.305510320700705e-05,9.305510320700705e-05,3.0080657325015636e-06,,,,,,,,,,,,,,
32,7399,,,,,,,,,,,,,,,,,,,,,,,,,,,,,,,,,9.293192852055654e-05,9.293192852055654e-05,3.004084192070877e-06,,,,,,,,,,,,,,
32,7449,,,,,,,,,,,,,,,,,,,,,,,,,,,,,,,,,9.280774975195527e-05,9.280774975195527e-05,3.0000701372046024e-06,,,,,,,,,,,,,,
32,7499,,,,,,,,,,,,,,,,,,,,,,,,,,,,,,,,,9.268258145311847e-05,9.268258145311847e-05,2.99602402265009e-06,,,,,,,,,,,,,,
32,7523,,,,,,,,,,,,,,,,,,,,,,,,,,,,,,,,,,,,0.029252246022224426,0.22381311655044556,0.25183355808258057,0.11162108927965164,0.03320315480232239,0.24441786110401154,11.289464950561523,0.23536664247512817,0.10401813685894012,0.029252246022224426,0.007462468929588795,0.24944178760051727,0.21214285492897034,0.2368421107530594
32,7523,,,,,,,,,,,3701.3349609375,3846.752685546875,3610.432861328125,3672.460205078125,3703.636962890625,-2.384185791015625e-07,7.038376331329346,0.02638721652328968,0.02698298916220665,0.026688341051340103,0.026507189497351646,0.02748454175889492,0.6672912836074829,0.6907277703285217,0.6716706156730652,0.6677874326705933,0.753616452217102,0.2886330187320709,0.2927175462245941,0.29086220264434814,0.2895183563232422,0.29678240418434143,,,,,,,,,,,,,,,,,
33,7549,,,,,,,,,,,,,,,,,,,,,,,,,,,,,,,,,9.255642362404615e-05,9.255642362404615e-05,2.991945621033665e-06,,,,,,,,,,,,,,
33,7599,,,,,,,,,,,,,,,,,,,,,,,,,,,,,,,,,9.242926898878068e-05,9.242926898878068e-05,2.9878353871026775e-06,,,,,,,,,,,,,,
33,7649,,,,,,,,,,,,,,,,,,,,,,,,,,,,,,,,,9.230112482327968e-05,9.230112482327968e-05,2.983693320857128e-06,,,,,,,,,,,,,,
33,7699,,,,,,,,,,,,,,,,,,,,,,,,,,,,,,,,,9.217200567945838e-05,9.217200567945838e-05,2.9795191949233413e-06,,,,,,,,,,,,,,
33,7749,,,,,,,,,,,,,,,,,,,,,,,,,,,,,,,,,9.204190428135917e-05,9.204190428135917e-05,2.975313464048668e-06,,,,,,,,,,,,,,
33,7751,,,,,,,,,,,,,,,,,,,,,,,,,,,,,,,,,,,,0.02830427512526512,0.21948310732841492,0.26829615235328674,0.12841133773326874,0.036798182874917984,0.2458532750606537,11.546165466308594,0.23112693428993225,0.10695446282625198,0.02830427512526512,0.007638988550752401,0.21802233159542084,0.21887390315532684,0.220095694065094
33,7751,,,,,,,,,,,3569.1845703125,3829.2626953125,3521.638671875,3642.497802734375,3672.617919921875,-2.384185791015625e-07,6.995182991027832,0.025986535474658012,0.02656528539955616,0.026290521025657654,0.026062777265906334,0.027067996561527252,0.6631537079811096,0.6866300702095032,0.6677244305610657,0.6649627089500427,0.7466407418251038,0.28764888644218445,0.29114478826522827,0.28944605588912964,0.288144052028656,0.2967253625392914,,,,,,,,,,,,,,,,,
34,7752,0.0531688816845417,0.3592331111431122,11.03465461730957,0.48359414935112,0.21869708597660065,0.0531688816845417,0.005007845349609852,0.28506389260292053,0.48767122626304626,0.2843450605869293,,,,,,,,,,,,,,,,,,,,,,,,,,,,,,,,,,,,,,,
